"","id","Year","Region","Party","Alignment","Votes N","Votes %"
"1","1",1994,"Netherlands","VVD","Centre-Right",1787293,19.93
"2","2",1994,"Netherlands","PvdA","Centre-Left",2151589,23.99
"3","3",1994,"Netherlands","PVV","Right-Wing",NA,NA
"4","4",1994,"Netherlands","SP","Left-Wing",118732,1.32
"5","5",1994,"Netherlands","CDA","Centre",1994479,22.24
"6","6",1994,"Netherlands","D66","Centre",1389242,15.49
"7","7",1994,"Netherlands","CU","Centre",NA,NA
"8","8",1994,"Netherlands","GL","Left-Wing",310629,3.46
"9","9",1994,"Netherlands","SGP","Right-Wing",155193,1.73
"10","10",1994,"Netherlands","PvdD","Left-Wing",NA,NA
"11","11",1994,"Netherlands","50PLUS","Centre",NA,NA
"12","12",1998,"Netherlands","VVD","Centre-Right",2124971,24.69
"13","13",1998,"Netherlands","PvdA","Centre-Left",2494555,28.98
"14","14",1998,"Netherlands","PVV","Right-Wing",NA,NA
"15","15",1998,"Netherlands","SP","Left-Wing",303703,3.53
"16","16",1998,"Netherlands","CDA","Centre",1581053,18.37
"17","17",1998,"Netherlands","D66","Centre",773497,8.99
"18","18",1998,"Netherlands","CU","Centre",NA,NA
"19","19",1998,"Netherlands","GL","Left-Wing",625968,7.27
"20","20",1998,"Netherlands","SGP","Right-Wing",153583,1.78
"21","21",1998,"Netherlands","PvdD","Left-Wing",NA,NA
"22","22",1998,"Netherlands","50PLUS","Centre",NA,NA
"23","23",2002,"Netherlands","VVD","Centre-Right",1466722,15.44
"24","24",2002,"Netherlands","PvdA","Centre-Left",1436023,15.11
"25","25",2002,"Netherlands","PVV","Right-Wing",NA,NA
"26","26",2002,"Netherlands","SP","Left-Wing",560447,5.9
"27","27",2002,"Netherlands","CDA","Centre",2653723,27.93
"28","28",2002,"Netherlands","D66","Centre",484317,5.1
"29","29",2002,"Netherlands","CU","Centre",240953,2.54
"30","30",2002,"Netherlands","GL","Left-Wing",660692,6.95
"31","31",2002,"Netherlands","SGP","Right-Wing",163562,1.72
"32","32",2002,"Netherlands","PvdD","Left-Wing",NA,NA
"33","33",2002,"Netherlands","50PLUS","Centre",NA,NA
"34","34",2003,"Netherlands","VVD","Centre-Right",1728697,17.91
"35","35",2003,"Netherlands","PvdA","Centre-Left",2631363,27.26
"36","36",2003,"Netherlands","PVV","Right-Wing",NA,NA
"37","37",2003,"Netherlands","SP","Left-Wing",609723,6.32
"38","38",2003,"Netherlands","CDA","Centre",2763480,28.62
"39","39",2003,"Netherlands","D66","Centre",393333,4.07
"40","40",2003,"Netherlands","CU","Centre",204694,2.12
"41","41",2003,"Netherlands","GL","Left-Wing",495802,5.14
"42","42",2003,"Netherlands","SGP","Right-Wing",150305,1.56
"43","43",2003,"Netherlands","PvdD","Left-Wing",47754,0.49
"44","44",2003,"Netherlands","50PLUS","Centre",NA,NA
"45","45",2006,"Netherlands","VVD","Centre-Right",1443312,14.67
"46","46",2006,"Netherlands","PvdA","Centre-Left",2085077,21.19
"47","47",2006,"Netherlands","PVV","Right-Wing",579490,5.89
"48","48",2006,"Netherlands","SP","Left-Wing",1630803,16.58
"49","49",2006,"Netherlands","CDA","Centre",2608573,26.51
"50","50",2006,"Netherlands","D66","Centre",193232,1.96
"51","51",2006,"Netherlands","CU","Centre",390969,3.97
"52","52",2006,"Netherlands","GL","Left-Wing",453054,4.6
"53","53",2006,"Netherlands","SGP","Right-Wing",153266,1.56
"54","54",2006,"Netherlands","PvdD","Left-Wing",179988,1.83
"55","55",2006,"Netherlands","50PLUS","Centre",NA,NA
"56","56",2010,"Netherlands","VVD","Centre-Right",1929575,20.49
"57","57",2010,"Netherlands","PvdA","Centre-Left",1848805,19.63
"58","58",2010,"Netherlands","PVV","Right-Wing",1454493,15.45
"59","59",2010,"Netherlands","SP","Left-Wing",924696,9.82
"60","60",2010,"Netherlands","CDA","Centre",1281886,13.61
"61","61",2010,"Netherlands","D66","Centre",654167,6.95
"62","62",2010,"Netherlands","CU","Centre",305094,3.24
"63","63",2010,"Netherlands","GL","Left-Wing",628096,6.67
"64","64",2010,"Netherlands","SGP","Right-Wing",163581,1.74
"65","65",2010,"Netherlands","PvdD","Left-Wing",122317,1.3
"66","66",2010,"Netherlands","50PLUS","Centre",NA,NA
"67","67",2012,"Netherlands","VVD","Centre-Right",2504948,26.58
"68","68",2012,"Netherlands","PvdA","Centre-Left",2340750,24.84
"69","69",2012,"Netherlands","PVV","Right-Wing",950263,10.08
"70","70",2012,"Netherlands","SP","Left-Wing",909853,9.65
"71","71",2012,"Netherlands","CDA","Centre",801620,8.51
"72","72",2012,"Netherlands","D66","Centre",757091,8.03
"73","73",2012,"Netherlands","CU","Centre",294586,3.13
"74","74",2012,"Netherlands","GL","Left-Wing",219896,2.33
"75","75",2012,"Netherlands","SGP","Right-Wing",196780,2.09
"76","76",2012,"Netherlands","PvdD","Left-Wing",182162,1.93
"77","77",2012,"Netherlands","50PLUS","Centre",177631,1.88
"78","78",1994,"Groningen","VVD","Centre-Right",49268,14.21
"79","79",1994,"Groningen","PvdA","Centre-Left",120763,34.83
"80","80",1994,"Groningen","PVV","Right-Wing",NA,NA
"81","81",1994,"Groningen","SP","Left-Wing",5883,1.7
"82","82",1994,"Groningen","CDA","Centre",60082,17.33
"83","83",1994,"Groningen","D66","Centre",48747,14.06
"84","84",1994,"Groningen","CU","Centre",NA,NA
"85","85",1994,"Groningen","GL","Left-Wing",15651,4.51
"86","86",1994,"Groningen","SGP","Right-Wing",640,0.18
"87","87",1994,"Groningen","PvdD","Left-Wing",NA,NA
"88","88",1994,"Groningen","50PLUS","Centre",NA,NA
"89","89",1998,"Groningen","VVD","Centre-Right",53555,16.41
"90","90",1998,"Groningen","PvdA","Centre-Left",120972,37.06
"91","91",1998,"Groningen","PVV","Right-Wing",NA,NA
"92","92",1998,"Groningen","SP","Left-Wing",14034,4.3
"93","93",1998,"Groningen","CDA","Centre",52341,16.03
"94","94",1998,"Groningen","D66","Centre",28037,8.59
"95","95",1998,"Groningen","CU","Centre",NA,NA
"96","96",1998,"Groningen","GL","Left-Wing",26369,8.08
"97","97",1998,"Groningen","SGP","Right-Wing",641,0.2
"98","98",1998,"Groningen","PvdD","Left-Wing",NA,NA
"99","99",1998,"Groningen","50PLUS","Centre",NA,NA
"100","100",2002,"Groningen","VVD","Centre-Right",44471,12.79
"101","101",2002,"Groningen","PvdA","Centre-Left",83174,23.91
"102","102",2002,"Groningen","PVV","Right-Wing",NA,NA
"103","103",2002,"Groningen","SP","Left-Wing",23923,6.88
"104","104",2002,"Groningen","CDA","Centre",77221,22.2
"105","105",2002,"Groningen","D66","Centre",18220,5.24
"106","106",2002,"Groningen","CU","Centre",19192,5.52
"107","107",2002,"Groningen","GL","Left-Wing",31120,8.95
"108","108",2002,"Groningen","SGP","Right-Wing",1341,0.39
"109","109",2002,"Groningen","PvdD","Left-Wing",NA,NA
"110","110",2002,"Groningen","50PLUS","Centre",NA,NA
"111","111",2003,"Groningen","VVD","Centre-Right",47194,13.03
"112","112",2003,"Groningen","PvdA","Centre-Left",143333,39.58
"113","113",2003,"Groningen","PVV","Right-Wing",NA,NA
"114","114",2003,"Groningen","SP","Left-Wing",26299,7.26
"115","115",2003,"Groningen","CDA","Centre",74555,20.59
"116","116",2003,"Groningen","D66","Centre",14100,3.89
"117","117",2003,"Groningen","CU","Centre",17126,4.73
"118","118",2003,"Groningen","GL","Left-Wing",21804,6.02
"119","119",2003,"Groningen","SGP","Right-Wing",1106,0.31
"120","120",2003,"Groningen","PvdD","Left-Wing",1620,0.45
"121","121",2003,"Groningen","50PLUS","Centre",NA,NA
"122","122",2006,"Groningen","VVD","Centre-Right",39476,10.87
"123","123",2006,"Groningen","PvdA","Centre-Left",112694,31.03
"124","124",2006,"Groningen","PVV","Right-Wing",11527,3.17
"125","125",2006,"Groningen","SP","Left-Wing",69678,19.19
"126","126",2006,"Groningen","CDA","Centre",66396,18.28
"127","127",2006,"Groningen","D66","Centre",6746,1.86
"128","128",2006,"Groningen","CU","Centre",25459,7.01
"129","129",2006,"Groningen","GL","Left-Wing",21372,5.89
"130","130",2006,"Groningen","SGP","Right-Wing",1201,0.33
"131","131",2006,"Groningen","PvdD","Left-Wing",5930,1.63
"132","132",2006,"Groningen","50PLUS","Centre",NA,NA
"133","133",2010,"Groningen","VVD","Centre-Right",49041,14.45
"134","134",2010,"Groningen","PvdA","Centre-Left",93631,27.6
"135","135",2010,"Groningen","PVV","Right-Wing",38559,11.36
"136","136",2010,"Groningen","SP","Left-Wing",39569,11.66
"137","137",2010,"Groningen","CDA","Centre",37688,11.11
"138","138",2010,"Groningen","D66","Centre",21952,6.47
"139","139",2010,"Groningen","CU","Centre",20743,6.11
"140","140",2010,"Groningen","GL","Left-Wing",28297,8.34
"141","141",2010,"Groningen","SGP","Right-Wing",1706,0.5
"142","142",2010,"Groningen","PvdD","Left-Wing",4960,1.46
"143","143",2010,"Groningen","50PLUS","Centre",NA,NA
"144","144",2012,"Groningen","VVD","Centre-Right",58715,17.15
"145","145",2012,"Groningen","PvdA","Centre-Left",120926,35.32
"146","146",2012,"Groningen","PVV","Right-Wing",24362,7.11
"147","147",2012,"Groningen","SP","Left-Wing",40015,11.69
"148","148",2012,"Groningen","CDA","Centre",26354,7.7
"149","149",2012,"Groningen","D66","Centre",25932,7.57
"150","150",2012,"Groningen","CU","Centre",19860,5.8
"151","151",2012,"Groningen","GL","Left-Wing",9577,2.8
"152","152",2012,"Groningen","SGP","Right-Wing",2568,0.75
"153","153",2012,"Groningen","PvdD","Left-Wing",6804,1.99
"154","154",2012,"Groningen","50PLUS","Centre",3938,1.15
"155","155",1994,"Friesland","VVD","Centre-Right",53699,14.23
"156","156",1994,"Friesland","PvdA","Centre-Left",119135,31.57
"157","157",1994,"Friesland","PVV","Right-Wing",NA,NA
"158","158",1994,"Friesland","SP","Left-Wing",2139,0.57
"159","159",1994,"Friesland","CDA","Centre",103625,27.46
"160","160",1994,"Friesland","D66","Centre",47028,12.46
"161","161",1994,"Friesland","CU","Centre",NA,NA
"162","162",1994,"Friesland","GL","Left-Wing",11478,3.04
"163","163",1994,"Friesland","SGP","Right-Wing",2187,0.58
"164","164",1994,"Friesland","PvdD","Left-Wing",NA,NA
"165","165",1994,"Friesland","50PLUS","Centre",NA,NA
"166","166",1998,"Friesland","VVD","Centre-Right",59515,16.36
"167","167",1998,"Friesland","PvdA","Centre-Left",122277,33.62
"168","168",1998,"Friesland","PVV","Right-Wing",NA,NA
"169","169",1998,"Friesland","SP","Left-Wing",11753,3.23
"170","170",1998,"Friesland","CDA","Centre",96174,26.44
"171","171",1998,"Friesland","D66","Centre",25631,7.05
"172","172",1998,"Friesland","CU","Centre",NA,NA
"173","173",1998,"Friesland","GL","Left-Wing",24683,6.79
"174","174",1998,"Friesland","SGP","Right-Wing",1876,0.52
"175","175",1998,"Friesland","PvdD","Left-Wing",NA,NA
"176","176",1998,"Friesland","50PLUS","Centre",NA,NA
"177","177",2002,"Friesland","VVD","Centre-Right",48519,12.34
"178","178",2002,"Friesland","PvdA","Centre-Left",77335,19.66
"179","179",2002,"Friesland","PVV","Right-Wing",NA,NA
"180","180",2002,"Friesland","SP","Left-Wing",21926,5.58
"181","181",2002,"Friesland","CDA","Centre",130364,33.15
"182","182",2002,"Friesland","D66","Centre",16507,4.2
"183","183",2002,"Friesland","CU","Centre",14473,3.68
"184","184",2002,"Friesland","GL","Left-Wing",26010,6.61
"185","185",2002,"Friesland","SGP","Right-Wing",2235,0.57
"186","186",2002,"Friesland","PvdD","Left-Wing",NA,NA
"187","187",2002,"Friesland","50PLUS","Centre",NA,NA
"188","188",2003,"Friesland","VVD","Centre-Right",50889,12.62
"189","189",2003,"Friesland","PvdA","Centre-Left",134887,33.46
"190","190",2003,"Friesland","PVV","Right-Wing",NA,NA
"191","191",2003,"Friesland","SP","Left-Wing",24356,6.04
"192","192",2003,"Friesland","CDA","Centre",129190,32.04
"193","193",2003,"Friesland","D66","Centre",11184,2.77
"194","194",2003,"Friesland","CU","Centre",12946,3.21
"195","195",2003,"Friesland","GL","Left-Wing",17951,4.45
"196","196",2003,"Friesland","SGP","Right-Wing",1819,0.45
"197","197",2003,"Friesland","PvdD","Left-Wing",1525,0.38
"198","198",2003,"Friesland","50PLUS","Centre",NA,NA
"199","199",2006,"Friesland","VVD","Centre-Right",42939,10.58
"200","200",2006,"Friesland","PvdA","Centre-Left",111627,27.52
"201","201",2006,"Friesland","PVV","Right-Wing",13244,3.26
"202","202",2006,"Friesland","SP","Left-Wing",69257,17.07
"203","203",2006,"Friesland","CDA","Centre",114152,28.14
"204","204",2006,"Friesland","D66","Centre",4302,1.06
"205","205",2006,"Friesland","CU","Centre",24790,6.11
"206","206",2006,"Friesland","GL","Left-Wing",15340,3.78
"207","207",2006,"Friesland","SGP","Right-Wing",1781,0.44
"208","208",2006,"Friesland","PvdD","Left-Wing",5373,1.32
"209","209",2006,"Friesland","50PLUS","Centre",NA,NA
"210","210",2010,"Friesland","VVD","Centre-Right",59139,15.48
"211","211",2010,"Friesland","PvdA","Centre-Left",94728,24.8
"212","212",2010,"Friesland","PVV","Right-Wing",43416,11.37
"213","213",2010,"Friesland","SP","Left-Wing",43868,11.49
"214","214",2010,"Friesland","CDA","Centre",69394,18.17
"215","215",2010,"Friesland","D66","Centre",18025,4.72
"216","216",2010,"Friesland","CU","Centre",19507,5.11
"217","217",2010,"Friesland","GL","Left-Wing",23866,6.25
"218","218",2010,"Friesland","SGP","Right-Wing",2195,0.57
"219","219",2010,"Friesland","PvdD","Left-Wing",4151,1.09
"220","220",2010,"Friesland","50PLUS","Centre",NA,NA
"221","221",2012,"Friesland","VVD","Centre-Right",76273,19.89
"222","222",2012,"Friesland","PvdA","Centre-Left",126995,33.12
"223","223",2012,"Friesland","PVV","Right-Wing",28071,7.32
"224","224",2012,"Friesland","SP","Left-Wing",36602,9.55
"225","225",2012,"Friesland","CDA","Centre",53004,13.82
"226","226",2012,"Friesland","D66","Centre",19690,5.14
"227","227",2012,"Friesland","CU","Centre",18673,4.87
"228","228",2012,"Friesland","GL","Left-Wing",6660,1.74
"229","229",2012,"Friesland","SGP","Right-Wing",3455,0.9
"230","230",2012,"Friesland","PvdD","Left-Wing",6006,1.57
"231","231",2012,"Friesland","50PLUS","Centre",4392,1.15
"232","232",1994,"Drenthe","VVD","Centre-Right",51894,18.25
"233","233",1994,"Drenthe","PvdA","Centre-Left",98157,34.51
"234","234",1994,"Drenthe","PVV","Right-Wing",NA,NA
"235","235",1994,"Drenthe","SP","Left-Wing",2745,0.97
"236","236",1994,"Drenthe","CDA","Centre",56353,19.81
"237","237",1994,"Drenthe","D66","Centre",39612,13.93
"238","238",1994,"Drenthe","CU","Centre",NA,NA
"239","239",1994,"Drenthe","GL","Left-Wing",7071,2.49
"240","240",1994,"Drenthe","SGP","Right-Wing",687,0.24
"241","241",1994,"Drenthe","PvdD","Left-Wing",NA,NA
"242","242",1994,"Drenthe","50PLUS","Centre",NA,NA
"243","243",1998,"Drenthe","VVD","Centre-Right",58988,21.62
"244","244",1998,"Drenthe","PvdA","Centre-Left",101773,37.3
"245","245",1998,"Drenthe","PVV","Right-Wing",NA,NA
"246","246",1998,"Drenthe","SP","Left-Wing",7841,2.87
"247","247",1998,"Drenthe","CDA","Centre",48899,17.92
"248","248",1998,"Drenthe","D66","Centre",22051,8.08
"249","249",1998,"Drenthe","CU","Centre",NA,NA
"250","250",1998,"Drenthe","GL","Left-Wing",15257,5.59
"251","251",1998,"Drenthe","SGP","Right-Wing",675,0.25
"252","252",1998,"Drenthe","PvdD","Left-Wing",NA,NA
"253","253",1998,"Drenthe","50PLUS","Centre",NA,NA
"254","254",2002,"Drenthe","VVD","Centre-Right",47094,16.14
"255","255",2002,"Drenthe","PvdA","Centre-Left",69411,23.79
"256","256",2002,"Drenthe","PVV","Right-Wing",NA,NA
"257","257",2002,"Drenthe","SP","Left-Wing",14625,5.01
"258","258",2002,"Drenthe","CDA","Centre",75827,25.99
"259","259",2002,"Drenthe","D66","Centre",14037,4.81
"260","260",2002,"Drenthe","CU","Centre",10043,3.44
"261","261",2002,"Drenthe","GL","Left-Wing",18029,6.18
"262","262",2002,"Drenthe","SGP","Right-Wing",1119,0.38
"263","263",2002,"Drenthe","PvdD","Left-Wing",NA,NA
"264","264",2002,"Drenthe","50PLUS","Centre",NA,NA
"265","265",2003,"Drenthe","VVD","Centre-Right",51010,16.81
"266","266",2003,"Drenthe","PvdA","Centre-Left",114759,37.82
"267","267",2003,"Drenthe","PVV","Right-Wing",NA,NA
"268","268",2003,"Drenthe","SP","Left-Wing",15377,5.07
"269","269",2003,"Drenthe","CDA","Centre",75297,24.81
"270","270",2003,"Drenthe","D66","Centre",10312,3.4
"271","271",2003,"Drenthe","CU","Centre",8726,2.88
"272","272",2003,"Drenthe","GL","Left-Wing",12538,4.13
"273","273",2003,"Drenthe","SGP","Right-Wing",864,0.28
"274","274",2003,"Drenthe","PvdD","Left-Wing",1107,0.36
"275","275",2003,"Drenthe","50PLUS","Centre",NA,NA
"276","276",2006,"Drenthe","VVD","Centre-Right",44351,14.33
"277","277",2006,"Drenthe","PvdA","Centre-Left",95120,30.73
"278","278",2006,"Drenthe","PVV","Right-Wing",12248,3.96
"279","279",2006,"Drenthe","SP","Left-Wing",49193,15.89
"280","280",2006,"Drenthe","CDA","Centre",69694,22.51
"281","281",2006,"Drenthe","D66","Centre",3947,1.27
"282","282",2006,"Drenthe","CU","Centre",15840,5.12
"283","283",2006,"Drenthe","GL","Left-Wing",11739,3.79
"284","284",2006,"Drenthe","SGP","Right-Wing",1047,0.34
"285","285",2006,"Drenthe","PvdD","Left-Wing",4373,1.41
"286","286",2006,"Drenthe","50PLUS","Centre",NA,NA
"287","287",2010,"Drenthe","VVD","Centre-Right",55630,19.19
"288","288",2010,"Drenthe","PvdA","Centre-Left",75850,26.17
"289","289",2010,"Drenthe","PVV","Right-Wing",37807,13.04
"290","290",2010,"Drenthe","SP","Left-Wing",28400,9.8
"291","291",2010,"Drenthe","CDA","Centre",40079,13.83
"292","292",2010,"Drenthe","D66","Centre",15036,5.19
"293","293",2010,"Drenthe","CU","Centre",12523,4.32
"294","294",2010,"Drenthe","GL","Left-Wing",16992,5.86
"295","295",2010,"Drenthe","SGP","Right-Wing",1340,0.46
"296","296",2010,"Drenthe","PvdD","Left-Wing",3162,1.09
"297","297",2010,"Drenthe","50PLUS","Centre",NA,NA
"298","298",2012,"Drenthe","VVD","Centre-Right",69382,23.7
"299","299",2012,"Drenthe","PvdA","Centre-Left",95938,32.77
"300","300",2012,"Drenthe","PVV","Right-Wing",24212,8.27
"301","301",2012,"Drenthe","SP","Left-Wing",26696,9.12
"302","302",2012,"Drenthe","CDA","Centre",28551,9.75
"303","303",2012,"Drenthe","D66","Centre",17162,5.86
"304","304",2012,"Drenthe","CU","Centre",12410,4.24
"305","305",2012,"Drenthe","GL","Left-Wing",5352,1.83
"306","306",2012,"Drenthe","SGP","Right-Wing",2000,0.68
"307","307",2012,"Drenthe","PvdD","Left-Wing",4389,1.5
"308","308",2012,"Drenthe","50PLUS","Centre",3962,1.35
"309","309",1994,"Overijssel","VVD","Centre-Right",99222,15.41
"310","310",1994,"Overijssel","PvdA","Centre-Left",155579,24.17
"311","311",1994,"Overijssel","PVV","Right-Wing",NA,NA
"312","312",1994,"Overijssel","SP","Left-Wing",4994,0.78
"313","313",1994,"Overijssel","CDA","Centre",190671,29.62
"314","314",1994,"Overijssel","D66","Centre",83312,12.94
"315","315",1994,"Overijssel","CU","Centre",NA,NA
"316","316",1994,"Overijssel","GL","Left-Wing",16330,2.54
"317","317",1994,"Overijssel","SGP","Right-Wing",13818,2.15
"318","318",1994,"Overijssel","PvdD","Left-Wing",NA,NA
"319","319",1994,"Overijssel","50PLUS","Centre",NA,NA
"320","320",1998,"Overijssel","VVD","Centre-Right",116610,18.71
"321","321",1998,"Overijssel","PvdA","Centre-Left",180974,29.03
"322","322",1998,"Overijssel","PVV","Right-Wing",NA,NA
"323","323",1998,"Overijssel","SP","Left-Wing",15966,2.56
"324","324",1998,"Overijssel","CDA","Centre",166671,26.74
"325","325",1998,"Overijssel","D66","Centre",41311,6.63
"326","326",1998,"Overijssel","CU","Centre",NA,NA
"327","327",1998,"Overijssel","GL","Left-Wing",35017,5.62
"328","328",1998,"Overijssel","SGP","Right-Wing",14077,2.26
"329","329",1998,"Overijssel","PvdD","Left-Wing",NA,NA
"330","330",1998,"Overijssel","50PLUS","Centre",NA,NA
"331","331",2002,"Overijssel","VVD","Centre-Right",80424,12.11
"332","332",2002,"Overijssel","PvdA","Centre-Left",104501,15.73
"333","333",2002,"Overijssel","PVV","Right-Wing",NA,NA
"334","334",2002,"Overijssel","SP","Left-Wing",31321,4.71
"335","335",2002,"Overijssel","CDA","Centre",245316,36.93
"336","336",2002,"Overijssel","D66","Centre",27086,4.08
"337","337",2002,"Overijssel","CU","Centre",34606,5.21
"338","338",2002,"Overijssel","GL","Left-Wing",39197,5.9
"339","339",2002,"Overijssel","SGP","Right-Wing",15834,2.38
"340","340",2002,"Overijssel","PvdD","Left-Wing",NA,NA
"341","341",2002,"Overijssel","50PLUS","Centre",NA,NA
"342","342",2003,"Overijssel","VVD","Centre-Right",92231,13.49
"343","343",2003,"Overijssel","PvdA","Centre-Left",186612,27.28
"344","344",2003,"Overijssel","PVV","Right-Wing",NA,NA
"345","345",2003,"Overijssel","SP","Left-Wing",33713,4.93
"346","346",2003,"Overijssel","CDA","Centre",250104,36.57
"347","347",2003,"Overijssel","D66","Centre",20678,3.02
"348","348",2003,"Overijssel","CU","Centre",29833,4.36
"349","349",2003,"Overijssel","GL","Left-Wing",28532,4.17
"350","350",2003,"Overijssel","SGP","Right-Wing",15149,2.21
"351","351",2003,"Overijssel","PvdD","Left-Wing",NA,NA
"352","352",2003,"Overijssel","50PLUS","Centre",NA,NA
"353","353",2006,"Overijssel","VVD","Centre-Right",76650,11.08
"354","354",2006,"Overijssel","PvdA","Centre-Left",145957,21.09
"355","355",2006,"Overijssel","PVV","Right-Wing",27822,4.02
"356","356",2006,"Overijssel","SP","Left-Wing",102546,14.82
"357","357",2006,"Overijssel","CDA","Centre",228358,33
"358","358",2006,"Overijssel","D66","Centre",11238,1.62
"359","359",2006,"Overijssel","CU","Centre",47960,6.93
"360","360",2006,"Overijssel","GL","Left-Wing",23715,3.43
"361","361",2006,"Overijssel","SGP","Right-Wing",15404,2.23
"362","362",2006,"Overijssel","PvdD","Left-Wing",7511,1.09
"363","363",2006,"Overijssel","50PLUS","Centre",NA,NA
"364","364",2010,"Overijssel","VVD","Centre-Right",109685,16.85
"365","365",2010,"Overijssel","PvdA","Centre-Left",124432,19.12
"366","366",2010,"Overijssel","PVV","Right-Wing",81775,12.56
"367","367",2010,"Overijssel","SP","Left-Wing",60448,9.29
"368","368",2010,"Overijssel","CDA","Centre",132669,20.38
"369","369",2010,"Overijssel","D66","Centre",38171,5.86
"370","370",2010,"Overijssel","CU","Centre",40248,6.18
"371","371",2010,"Overijssel","GL","Left-Wing",34887,5.36
"372","372",2010,"Overijssel","SGP","Right-Wing",16337,2.51
"373","373",2010,"Overijssel","PvdD","Left-Wing",5664,0.87
"374","374",2010,"Overijssel","50PLUS","Centre",NA,NA
"375","375",2012,"Overijssel","VVD","Centre-Right",151354,23.06
"376","376",2012,"Overijssel","PvdA","Centre-Left",161862,24.66
"377","377",2012,"Overijssel","PVV","Right-Wing",53434,8.14
"378","378",2012,"Overijssel","SP","Left-Wing",61267,9.33
"379","379",2012,"Overijssel","CDA","Centre",89760,13.67
"380","380",2012,"Overijssel","D66","Centre",43152,6.57
"381","381",2012,"Overijssel","CU","Centre",40419,6.16
"382","382",2012,"Overijssel","GL","Left-Wing",11451,1.74
"383","383",2012,"Overijssel","SGP","Right-Wing",19761,3.01
"384","384",2012,"Overijssel","PvdD","Left-Wing",8534,1.3
"385","385",2012,"Overijssel","50PLUS","Centre",9780,1.49
"386","386",1994,"Gelderland","VVD","Centre-Right",205673,18.27
"387","387",1994,"Gelderland","PvdA","Centre-Left",267997,23.81
"388","388",1994,"Gelderland","PVV","Right-Wing",NA,NA
"389","389",1994,"Gelderland","SP","Left-Wing",11420,1.01
"390","390",1994,"Gelderland","CDA","Centre",278586,24.75
"391","391",1994,"Gelderland","D66","Centre",171850,15.27
"392","392",1994,"Gelderland","CU","Centre",NA,NA
"393","393",1994,"Gelderland","GL","Left-Wing",37244,3.31
"394","394",1994,"Gelderland","SGP","Right-Wing",35647,3.17
"395","395",1994,"Gelderland","PvdD","Left-Wing",NA,NA
"396","396",1994,"Gelderland","50PLUS","Centre",NA,NA
"397","397",1998,"Gelderland","VVD","Centre-Right",249891,22.98
"398","398",1998,"Gelderland","PvdA","Centre-Left",315803,29.05
"399","399",1998,"Gelderland","PVV","Right-Wing",NA,NA
"400","400",1998,"Gelderland","SP","Left-Wing",31164,2.87
"401","401",1998,"Gelderland","CDA","Centre",222216,20.44
"402","402",1998,"Gelderland","D66","Centre",88589,8.15
"403","403",1998,"Gelderland","CU","Centre",NA,NA
"404","404",1998,"Gelderland","GL","Left-Wing",72885,6.7
"405","405",1998,"Gelderland","SGP","Right-Wing",36330,3.34
"406","406",1998,"Gelderland","PvdD","Left-Wing",NA,NA
"407","407",1998,"Gelderland","50PLUS","Centre",NA,NA
"408","408",2002,"Gelderland","VVD","Centre-Right",175614,14.79
"409","409",2002,"Gelderland","PvdA","Centre-Left",180094,15.16
"410","410",2002,"Gelderland","PVV","Right-Wing",NA,NA
"411","411",2002,"Gelderland","SP","Left-Wing",64610,5.44
"412","412",2002,"Gelderland","CDA","Centre",364064,30.66
"413","413",2002,"Gelderland","D66","Centre",56447,4.75
"414","414",2002,"Gelderland","CU","Centre",36518,3.08
"415","415",2002,"Gelderland","GL","Left-Wing",84053,7.08
"416","416",2002,"Gelderland","SGP","Right-Wing",38875,3.27
"417","417",2002,"Gelderland","PvdD","Left-Wing",NA,NA
"418","418",2002,"Gelderland","50PLUS","Centre",NA,NA
"419","419",2003,"Gelderland","VVD","Centre-Right",199875,16.47
"420","420",2003,"Gelderland","PvdA","Centre-Left",323097,26.62
"421","421",2003,"Gelderland","PVV","Right-Wing",NA,NA
"422","422",2003,"Gelderland","SP","Left-Wing",70411,5.8
"423","423",2003,"Gelderland","CDA","Centre",384101,31.65
"424","424",2003,"Gelderland","D66","Centre",43858,3.61
"425","425",2003,"Gelderland","CU","Centre",30535,2.52
"426","426",2003,"Gelderland","GL","Left-Wing",62218,5.13
"427","427",2003,"Gelderland","SGP","Right-Wing",35665,2.94
"428","428",2003,"Gelderland","PvdD","Left-Wing",5002,0.41
"429","429",2003,"Gelderland","50PLUS","Centre",NA,NA
"430","430",2006,"Gelderland","VVD","Centre-Right",165163,13.48
"431","431",2006,"Gelderland","PvdA","Centre-Left",248321,20.27
"432","432",2006,"Gelderland","PVV","Right-Wing",53404,4.36
"433","433",2006,"Gelderland","SP","Left-Wing",197418,16.12
"434","434",2006,"Gelderland","CDA","Centre",359004,29.31
"435","435",2006,"Gelderland","D66","Centre",22140,1.81
"436","436",2006,"Gelderland","CU","Centre",59405,4.85
"437","437",2006,"Gelderland","GL","Left-Wing",53333,4.35
"438","438",2006,"Gelderland","SGP","Right-Wing",36895,3.01
"439","439",2006,"Gelderland","PvdD","Left-Wing",19260,1.57
"440","440",2006,"Gelderland","50PLUS","Centre",NA,NA
"441","441",2010,"Gelderland","VVD","Centre-Right",228168,19.44
"442","442",2010,"Gelderland","PvdA","Centre-Left",219906,18.73
"443","443",2010,"Gelderland","PVV","Right-Wing",158832,13.53
"444","444",2010,"Gelderland","SP","Left-Wing",113636,9.68
"445","445",2010,"Gelderland","CDA","Centre",183827,15.66
"446","446",2010,"Gelderland","D66","Centre",77406,6.59
"447","447",2010,"Gelderland","CU","Centre",49661,4.23
"448","448",2010,"Gelderland","GL","Left-Wing",77558,6.61
"449","449",2010,"Gelderland","SGP","Right-Wing",39872,3.4
"450","450",2010,"Gelderland","PvdD","Left-Wing",13416,1.14
"451","451",2010,"Gelderland","50PLUS","Centre",NA,NA
"452","452",2012,"Gelderland","VVD","Centre-Right",303623,25.67
"453","453",2012,"Gelderland","PvdA","Centre-Left",287328,24.29
"454","454",2012,"Gelderland","PVV","Right-Wing",101133,8.55
"455","455",2012,"Gelderland","SP","Left-Wing",114093,9.65
"456","456",2012,"Gelderland","CDA","Centre",113369,9.59
"457","457",2012,"Gelderland","D66","Centre",90379,7.64
"458","458",2012,"Gelderland","CU","Centre",48447,4.1
"459","459",2012,"Gelderland","GL","Left-Wing",28516,2.41
"460","460",2012,"Gelderland","SGP","Right-Wing",47269,4
"461","461",2012,"Gelderland","PvdD","Left-Wing",20087,1.7
"462","462",2012,"Gelderland","50PLUS","Centre",19039,1.61
"463","463",1994,"Flevoland","VVD","Centre-Right",32584,23.57
"464","464",1994,"Flevoland","PvdA","Centre-Left",27849,20.15
"465","465",1994,"Flevoland","PVV","Right-Wing",NA,NA
"466","466",1994,"Flevoland","SP","Left-Wing",1758,1.27
"467","467",1994,"Flevoland","CDA","Centre",24369,17.63
"468","468",1994,"Flevoland","D66","Centre",23486,16.99
"469","469",1994,"Flevoland","CU","Centre",NA,NA
"470","470",1994,"Flevoland","GL","Left-Wing",4325,3.13
"471","471",1994,"Flevoland","SGP","Right-Wing",3312,2.4
"472","472",1994,"Flevoland","PvdD","Left-Wing",NA,NA
"473","473",1994,"Flevoland","50PLUS","Centre",NA,NA
"474","474",1998,"Flevoland","VVD","Centre-Right",43431,29.12
"475","475",1998,"Flevoland","PvdA","Centre-Left",38531,25.84
"476","476",1998,"Flevoland","PVV","Right-Wing",NA,NA
"477","477",1998,"Flevoland","SP","Left-Wing",3959,2.65
"478","478",1998,"Flevoland","CDA","Centre",22117,14.83
"479","479",1998,"Flevoland","D66","Centre",13451,9.02
"480","480",1998,"Flevoland","CU","Centre",NA,NA
"481","481",1998,"Flevoland","GL","Left-Wing",9845,6.6
"482","482",1998,"Flevoland","SGP","Right-Wing",3456,2.32
"483","483",1998,"Flevoland","PvdD","Left-Wing",NA,NA
"484","484",1998,"Flevoland","50PLUS","Centre",NA,NA
"485","485",2002,"Flevoland","VVD","Centre-Right",32283,17.23
"486","486",2002,"Flevoland","PvdA","Centre-Left",25744,13.74
"487","487",2002,"Flevoland","PVV","Right-Wing",NA,NA
"488","488",2002,"Flevoland","SP","Left-Wing",8946,4.78
"489","489",2002,"Flevoland","CDA","Centre",44251,23.62
"490","490",2002,"Flevoland","D66","Centre",9316,4.97
"491","491",2002,"Flevoland","CU","Centre",8337,4.45
"492","492",2002,"Flevoland","GL","Left-Wing",12643,6.75
"493","493",2002,"Flevoland","SGP","Right-Wing",4219,2.25
"494","494",2002,"Flevoland","PvdD","Left-Wing",NA,NA
"495","495",2002,"Flevoland","50PLUS","Centre",NA,NA
"496","496",2003,"Flevoland","VVD","Centre-Right",40749,21.3
"497","497",2003,"Flevoland","PvdA","Centre-Left",48882,25.55
"498","498",2003,"Flevoland","PVV","Right-Wing",NA,NA
"499","499",2003,"Flevoland","SP","Left-Wing",10279,5.37
"500","500",2003,"Flevoland","CDA","Centre",47260,24.7
"501","501",2003,"Flevoland","D66","Centre",7859,4.11
"502","502",2003,"Flevoland","CU","Centre",6894,3.6
"503","503",2003,"Flevoland","GL","Left-Wing",9198,4.81
"504","504",2003,"Flevoland","SGP","Right-Wing",4057,2.12
"505","505",2003,"Flevoland","PvdD","Left-Wing",1038,0.54
"506","506",2003,"Flevoland","50PLUS","Centre",NA,NA
"507","507",2006,"Flevoland","VVD","Centre-Right",34541,16.81
"508","508",2006,"Flevoland","PvdA","Centre-Left",42791,20.83
"509","509",2006,"Flevoland","PVV","Right-Wing",13866,6.75
"510","510",2006,"Flevoland","SP","Left-Wing",31046,15.11
"511","511",2006,"Flevoland","CDA","Centre",48811,23.76
"512","512",2006,"Flevoland","D66","Centre",3188,1.55
"513","513",2006,"Flevoland","CU","Centre",12133,5.91
"514","514",2006,"Flevoland","GL","Left-Wing",7649,3.72
"515","515",2006,"Flevoland","SGP","Right-Wing",4356,2.12
"516","516",2006,"Flevoland","PvdD","Left-Wing",4304,2.1
"517","517",2006,"Flevoland","50PLUS","Centre",NA,NA
"518","518",2010,"Flevoland","VVD","Centre-Right",49468,24.46
"519","519",2010,"Flevoland","PvdA","Centre-Left",38358,18.97
"520","520",2010,"Flevoland","PVV","Right-Wing",32825,16.23
"521","521",2010,"Flevoland","SP","Left-Wing",17295,8.55
"522","522",2010,"Flevoland","CDA","Centre",21433,10.6
"523","523",2010,"Flevoland","D66","Centre",11039,5.46
"524","524",2010,"Flevoland","CU","Centre",9884,4.89
"525","525",2010,"Flevoland","GL","Left-Wing",11345,5.61
"526","526",2010,"Flevoland","SGP","Right-Wing",4993,2.47
"527","527",2010,"Flevoland","PvdD","Left-Wing",2747,1.36
"528","528",2010,"Flevoland","50PLUS","Centre",NA,NA
"529","529",2012,"Flevoland","VVD","Centre-Right",58525,28.67
"530","530",2012,"Flevoland","PvdA","Centre-Left",47514,23.28
"531","531",2012,"Flevoland","PVV","Right-Wing",25319,12.41
"532","532",2012,"Flevoland","SP","Left-Wing",16896,8.28
"533","533",2012,"Flevoland","CDA","Centre",13132,6.43
"534","534",2012,"Flevoland","D66","Centre",11825,5.79
"535","535",2012,"Flevoland","CU","Centre",9484,4.65
"536","536",2012,"Flevoland","GL","Left-Wing",3408,1.67
"537","537",2012,"Flevoland","SGP","Right-Wing",7246,3.55
"538","538",2012,"Flevoland","PvdD","Left-Wing",4034,1.98
"539","539",2012,"Flevoland","50PLUS","Centre",4323,2.12
"540","540",1994,"Utrecht","VVD","Centre-Right",147063,23.23
"541","541",1994,"Utrecht","PvdA","Centre-Left",121184,19.15
"542","542",1994,"Utrecht","PVV","Right-Wing",NA,NA
"543","543",1994,"Utrecht","SP","Left-Wing",5703,0.9
"544","544",1994,"Utrecht","CDA","Centre",130232,20.57
"545","545",1994,"Utrecht","D66","Centre",107188,16.93
"546","546",1994,"Utrecht","CU","Centre",NA,NA
"547","547",1994,"Utrecht","GL","Left-Wing",29716,4.69
"548","548",1994,"Utrecht","SGP","Right-Wing",14558,2.3
"549","549",1994,"Utrecht","PvdD","Left-Wing",NA,NA
"550","550",1994,"Utrecht","50PLUS","Centre",NA,NA
"551","551",1998,"Utrecht","VVD","Centre-Right",171996,27.72
"552","552",1998,"Utrecht","PvdA","Centre-Left",146240,23.57
"553","553",1998,"Utrecht","PVV","Right-Wing",NA,NA
"554","554",1998,"Utrecht","SP","Left-Wing",15824,2.55
"555","555",1998,"Utrecht","CDA","Centre",99056,15.96
"556","556",1998,"Utrecht","D66","Centre",70669,11.39
"557","557",1998,"Utrecht","CU","Centre",NA,NA
"558","558",1998,"Utrecht","GL","Left-Wing",53365,8.6
"559","559",1998,"Utrecht","SGP","Right-Wing",14860,2.39
"560","560",1998,"Utrecht","PvdD","Left-Wing",NA,NA
"561","561",1998,"Utrecht","50PLUS","Centre",NA,NA
"562","562",2002,"Utrecht","VVD","Centre-Right",121233,17.42
"563","563",2002,"Utrecht","PvdA","Centre-Left",91502,13.15
"564","564",2002,"Utrecht","PVV","Right-Wing",NA,NA
"565","565",2002,"Utrecht","SP","Left-Wing",41450,5.96
"566","566",2002,"Utrecht","CDA","Centre",180113,25.88
"567","567",2002,"Utrecht","D66","Centre",41278,5.93
"568","568",2002,"Utrecht","CU","Centre",25587,3.68
"569","569",2002,"Utrecht","GL","Left-Wing",58769,8.44
"570","570",2002,"Utrecht","SGP","Right-Wing",15887,2.28
"571","571",2002,"Utrecht","PvdD","Left-Wing",NA,NA
"572","572",2002,"Utrecht","50PLUS","Centre",NA,NA
"573","573",2003,"Utrecht","VVD","Centre-Right",143796,20.36
"574","574",2003,"Utrecht","PvdA","Centre-Left",166116,23.51
"575","575",2003,"Utrecht","PVV","Right-Wing",NA,NA
"576","576",2003,"Utrecht","SP","Left-Wing",41712,5.9
"577","577",2003,"Utrecht","CDA","Centre",192546,27.26
"578","578",2003,"Utrecht","D66","Centre",36698,5.19
"579","579",2003,"Utrecht","CU","Centre",21834,3.09
"580","580",2003,"Utrecht","GL","Left-Wing",47283,6.69
"581","581",2003,"Utrecht","SGP","Right-Wing",14448,2.05
"582","582",2003,"Utrecht","PvdD","Left-Wing",3205,0.45
"583","583",2003,"Utrecht","50PLUS","Centre",NA,NA
"584","584",2006,"Utrecht","VVD","Centre-Right",122056,16.72
"585","585",2006,"Utrecht","PvdA","Centre-Left",136215,18.66
"586","586",2006,"Utrecht","PVV","Right-Wing",36988,5.07
"587","587",2006,"Utrecht","SP","Left-Wing",96617,13.24
"588","588",2006,"Utrecht","CDA","Centre",195358,26.76
"589","589",2006,"Utrecht","D66","Centre",19746,2.71
"590","590",2006,"Utrecht","CU","Centre",40283,5.52
"591","591",2006,"Utrecht","GL","Left-Wing",47224,6.47
"592","592",2006,"Utrecht","SGP","Right-Wing",14497,1.99
"593","593",2006,"Utrecht","PvdD","Left-Wing",13567,1.86
"594","594",2006,"Utrecht","50PLUS","Centre",NA,NA
"595","595",2010,"Utrecht","VVD","Centre-Right",167652,23.22
"596","596",2010,"Utrecht","PvdA","Centre-Left",130668,18.1
"597","597",2010,"Utrecht","PVV","Right-Wing",90392,12.52
"598","598",2010,"Utrecht","SP","Left-Wing",51312,7.11
"599","599",2010,"Utrecht","CDA","Centre",86569,11.99
"600","600",2010,"Utrecht","D66","Centre",66745,9.25
"601","601",2010,"Utrecht","CU","Centre",33099,4.58
"602","602",2010,"Utrecht","GL","Left-Wing",63903,8.85
"603","603",2010,"Utrecht","SGP","Right-Wing",15925,2.21
"604","604",2010,"Utrecht","PvdD","Left-Wing",8753,1.21
"605","605",2010,"Utrecht","50PLUS","Centre",NA,NA
"606","606",2012,"Utrecht","VVD","Centre-Right",214681,29.62
"607","607",2012,"Utrecht","PvdA","Centre-Left",163201,22.51
"608","608",2012,"Utrecht","PVV","Right-Wing",57301,7.9
"609","609",2012,"Utrecht","SP","Left-Wing",47587,6.56
"610","610",2012,"Utrecht","CDA","Centre",53756,7.42
"611","611",2012,"Utrecht","D66","Centre",78857,10.88
"612","612",2012,"Utrecht","CU","Centre",32162,4.44
"613","613",2012,"Utrecht","GL","Left-Wing",25964,3.58
"614","614",2012,"Utrecht","SGP","Right-Wing",19441,2.68
"615","615",2012,"Utrecht","PvdD","Left-Wing",13998,1.93
"616","616",2012,"Utrecht","50PLUS","Centre",11638,1.61
"617","617",1994,"Noord-Holland","VVD","Centre-Right",342020,24.51
"618","618",1994,"Noord-Holland","PvdA","Centre-Left",347060,24.87
"619","619",1994,"Noord-Holland","PVV","Right-Wing",NA,NA
"620","620",1994,"Noord-Holland","SP","Left-Wing",12028,0.86
"621","621",1994,"Noord-Holland","CDA","Centre",226500,16.23
"622","622",1994,"Noord-Holland","D66","Centre",239447,17.16
"623","623",1994,"Noord-Holland","CU","Centre",NA,NA
"624","624",1994,"Noord-Holland","GL","Left-Wing",68724,4.92
"625","625",1994,"Noord-Holland","SGP","Right-Wing",3986,0.29
"626","626",1994,"Noord-Holland","PvdD","Left-Wing",NA,NA
"627","627",1994,"Noord-Holland","50PLUS","Centre",NA,NA
"628","628",1998,"Noord-Holland","VVD","Centre-Right",391465,29.19
"629","629",1998,"Noord-Holland","PvdA","Centre-Left",380784,28.39
"630","630",1998,"Noord-Holland","PVV","Right-Wing",NA,NA
"631","631",1998,"Noord-Holland","SP","Left-Wing",41300,3.08
"632","632",1998,"Noord-Holland","CDA","Centre",167378,12.48
"633","633",1998,"Noord-Holland","D66","Centre",154610,11.53
"634","634",1998,"Noord-Holland","CU","Centre",NA,NA
"635","635",1998,"Noord-Holland","GL","Left-Wing",130442,9.73
"636","636",1998,"Noord-Holland","SGP","Right-Wing",3445,0.26
"637","637",1998,"Noord-Holland","PvdD","Left-Wing",NA,NA
"638","638",1998,"Noord-Holland","50PLUS","Centre",NA,NA
"639","639",2002,"Noord-Holland","VVD","Centre-Right",271091,18.21
"640","640",2002,"Noord-Holland","PvdA","Centre-Left",246301,16.55
"641","641",2002,"Noord-Holland","PVV","Right-Wing",NA,NA
"642","642",2002,"Noord-Holland","SP","Left-Wing",109213,7.34
"643","643",2002,"Noord-Holland","CDA","Centre",306464,20.59
"644","644",2002,"Noord-Holland","D66","Centre",96393,6.48
"645","645",2002,"Noord-Holland","CU","Centre",18571,1.25
"646","646",2002,"Noord-Holland","GL","Left-Wing",129903,8.73
"647","647",2002,"Noord-Holland","SGP","Right-Wing",3942,0.26
"648","648",2002,"Noord-Holland","PvdD","Left-Wing",NA,NA
"649","649",2002,"Noord-Holland","50PLUS","Centre",NA,NA
"650","650",2003,"Noord-Holland","VVD","Centre-Right",322315,21.48
"651","651",2003,"Noord-Holland","PvdA","Centre-Left",434661,28.97
"652","652",2003,"Noord-Holland","PVV","Right-Wing",NA,NA
"653","653",2003,"Noord-Holland","SP","Left-Wing",104547,6.97
"654","654",2003,"Noord-Holland","CDA","Centre",317221,21.14
"655","655",2003,"Noord-Holland","D66","Centre",85261,5.68
"656","656",2003,"Noord-Holland","CU","Centre",15290,1.02
"657","657",2003,"Noord-Holland","GL","Left-Wing",103864,6.92
"658","658",2003,"Noord-Holland","SGP","Right-Wing",3190,0.21
"659","659",2003,"Noord-Holland","PvdD","Left-Wing",10362,0.69
"660","660",2003,"Noord-Holland","50PLUS","Centre",NA,NA
"661","661",2006,"Noord-Holland","VVD","Centre-Right",278965,18.19
"662","662",2006,"Noord-Holland","PvdA","Centre-Left",341108,22.24
"663","663",2006,"Noord-Holland","PVV","Right-Wing",84949,5.54
"664","664",2006,"Noord-Holland","SP","Left-Wing",257000,16.76
"665","665",2006,"Noord-Holland","CDA","Centre",321802,20.98
"666","666",2006,"Noord-Holland","D66","Centre",41791,2.73
"667","667",2006,"Noord-Holland","CU","Centre",34983,2.28
"668","668",2006,"Noord-Holland","GL","Left-Wing",107484,7.01
"669","669",2006,"Noord-Holland","SGP","Right-Wing",3330,0.22
"670","670",2006,"Noord-Holland","PvdD","Left-Wing",41363,2.7
"671","671",2006,"Noord-Holland","50PLUS","Centre",NA,NA
"672","672",2010,"Noord-Holland","VVD","Centre-Right",349972,23.52
"673","673",2010,"Noord-Holland","PvdA","Centre-Left",351739,23.63
"674","674",2010,"Noord-Holland","PVV","Right-Wing",201629,13.55
"675","675",2010,"Noord-Holland","SP","Left-Wing",125049,8.4
"676","676",2010,"Noord-Holland","CDA","Centre",133339,8.96
"677","677",2010,"Noord-Holland","D66","Centre",132263,8.89
"678","678",2010,"Noord-Holland","CU","Centre",21866,1.47
"679","679",2010,"Noord-Holland","GL","Left-Wing",127605,8.57
"680","680",2010,"Noord-Holland","SGP","Right-Wing",3398,0.23
"681","681",2010,"Noord-Holland","PvdD","Left-Wing",24165,1.62
"682","682",2010,"Noord-Holland","50PLUS","Centre",NA,NA
"683","683",2012,"Noord-Holland","VVD","Centre-Right",437620,29.31
"684","684",2012,"Noord-Holland","PvdA","Centre-Left",403808,27.05
"685","685",2012,"Noord-Holland","PVV","Right-Wing",129822,8.7
"686","686",2012,"Noord-Holland","SP","Left-Wing",124680,8.35
"687","687",2012,"Noord-Holland","CDA","Centre",83458,5.59
"688","688",2012,"Noord-Holland","D66","Centre",154232,10.33
"689","689",2012,"Noord-Holland","CU","Centre",20659,1.38
"690","690",2012,"Noord-Holland","GL","Left-Wing",46519,3.12
"691","691",2012,"Noord-Holland","SGP","Right-Wing",5003,0.34
"692","692",2012,"Noord-Holland","PvdD","Left-Wing",38770,2.6
"693","693",2012,"Noord-Holland","50PLUS","Centre",32276,2.16
"694","694",1994,"Zuid-Holland","VVD","Centre-Right",435542,23.26
"695","695",1994,"Zuid-Holland","PvdA","Centre-Left",417480,22.3
"696","696",1994,"Zuid-Holland","PVV","Right-Wing",NA,NA
"697","697",1994,"Zuid-Holland","SP","Left-Wing",27567,1.47
"698","698",1994,"Zuid-Holland","CDA","Centre",342982,18.32
"699","699",1994,"Zuid-Holland","D66","Centre",295495,15.78
"700","700",1994,"Zuid-Holland","CU","Centre",NA,NA
"701","701",1994,"Zuid-Holland","GL","Left-Wing",57824,3.09
"702","702",1994,"Zuid-Holland","SGP","Right-Wing",56240,3
"703","703",1994,"Zuid-Holland","PvdD","Left-Wing",NA,NA
"704","704",1994,"Zuid-Holland","50PLUS","Centre",NA,NA
"705","705",1998,"Zuid-Holland","VVD","Centre-Right",504368,28.03
"706","706",1998,"Zuid-Holland","PvdA","Centre-Left",498481,27.7
"707","707",1998,"Zuid-Holland","PVV","Right-Wing",NA,NA
"708","708",1998,"Zuid-Holland","SP","Left-Wing",61962,3.44
"709","709",1998,"Zuid-Holland","CDA","Centre",262915,14.61
"710","710",1998,"Zuid-Holland","D66","Centre",168787,9.38
"711","711",1998,"Zuid-Holland","CU","Centre",NA,NA
"712","712",1998,"Zuid-Holland","GL","Left-Wing",121073,6.73
"713","713",1998,"Zuid-Holland","SGP","Right-Wing",55695,3.1
"714","714",1998,"Zuid-Holland","PvdD","Left-Wing",NA,NA
"715","715",1998,"Zuid-Holland","50PLUS","Centre",NA,NA
"716","716",2002,"Zuid-Holland","VVD","Centre-Right",315764,15.8
"717","717",2002,"Zuid-Holland","PvdA","Centre-Left",285859,14.3
"718","718",2002,"Zuid-Holland","PVV","Right-Wing",NA,NA
"719","719",2002,"Zuid-Holland","SP","Left-Wing",99620,4.98
"720","720",2002,"Zuid-Holland","CDA","Centre",479540,24
"721","721",2002,"Zuid-Holland","D66","Centre",100794,5.04
"722","722",2002,"Zuid-Holland","CU","Centre",53313,2.67
"723","723",2002,"Zuid-Holland","GL","Left-Wing",117150,5.86
"724","724",2002,"Zuid-Holland","SGP","Right-Wing",55548,2.78
"725","725",2002,"Zuid-Holland","PvdD","Left-Wing",NA,NA
"726","726",2002,"Zuid-Holland","50PLUS","Centre",NA,NA
"727","727",2003,"Zuid-Holland","VVD","Centre-Right",396277,19.78
"728","728",2003,"Zuid-Holland","PvdA","Centre-Left",519599,25.94
"729","729",2003,"Zuid-Holland","PVV","Right-Wing",NA,NA
"730","730",2003,"Zuid-Holland","SP","Left-Wing",105494,5.27
"731","731",2003,"Zuid-Holland","CDA","Centre",498688,24.89
"732","732",2003,"Zuid-Holland","D66","Centre",87033,4.34
"733","733",2003,"Zuid-Holland","CU","Centre",44552,2.22
"734","734",2003,"Zuid-Holland","GL","Left-Wing",95029,4.74
"735","735",2003,"Zuid-Holland","SGP","Right-Wing",51071,2.55
"736","736",2003,"Zuid-Holland","PvdD","Left-Wing",12724,0.64
"737","737",2003,"Zuid-Holland","50PLUS","Centre",NA,NA
"738","738",2006,"Zuid-Holland","VVD","Centre-Right",329079,16.15
"739","739",2006,"Zuid-Holland","PvdA","Centre-Left",417176,20.47
"740","740",2006,"Zuid-Holland","PVV","Right-Wing",146784,7.2
"741","741",2006,"Zuid-Holland","SP","Left-Wing",291942,14.33
"742","742",2006,"Zuid-Holland","CDA","Centre",491769,24.13
"743","743",2006,"Zuid-Holland","D66","Centre",47566,2.33
"744","744",2006,"Zuid-Holland","CU","Centre",88885,4.36
"745","745",2006,"Zuid-Holland","GL","Left-Wing",87428,4.29
"746","746",2006,"Zuid-Holland","SGP","Right-Wing",51093,2.51
"747","747",2006,"Zuid-Holland","PvdD","Left-Wing",43793,2.15
"748","748",2006,"Zuid-Holland","50PLUS","Centre",NA,NA
"749","749",2010,"Zuid-Holland","VVD","Centre-Right",436436,22.45
"750","750",2010,"Zuid-Holland","PvdA","Centre-Left",361817,18.61
"751","751",2010,"Zuid-Holland","PVV","Right-Wing",328118,16.87
"752","752",2010,"Zuid-Holland","SP","Left-Wing",159076,8.18
"753","753",2010,"Zuid-Holland","CDA","Centre",217532,11.19
"754","754",2010,"Zuid-Holland","D66","Centre",144844,7.45
"755","755",2010,"Zuid-Holland","CU","Centre",70277,3.61
"756","756",2010,"Zuid-Holland","GL","Left-Wing",124051,6.38
"757","757",2010,"Zuid-Holland","SGP","Right-Wing",53247,2.74
"758","758",2010,"Zuid-Holland","PvdD","Left-Wing",28957,1.49
"759","759",2010,"Zuid-Holland","50PLUS","Centre",NA,NA
"760","760",2012,"Zuid-Holland","VVD","Centre-Right",549192,28.28
"761","761",2012,"Zuid-Holland","PvdA","Centre-Left",455530,23.46
"762","762",2012,"Zuid-Holland","PVV","Right-Wing",224956,11.58
"763","763",2012,"Zuid-Holland","SP","Left-Wing",145180,7.48
"764","764",2012,"Zuid-Holland","CDA","Centre",135359,6.97
"765","765",2012,"Zuid-Holland","D66","Centre",158947,8.18
"766","766",2012,"Zuid-Holland","CU","Centre",67451,3.47
"767","767",2012,"Zuid-Holland","GL","Left-Wing",42959,2.21
"768","768",2012,"Zuid-Holland","SGP","Right-Wing",62392,3.21
"769","769",2012,"Zuid-Holland","PvdD","Left-Wing",43307,2.23
"770","770",2012,"Zuid-Holland","50PLUS","Centre",38393,1.98
"771","771",1994,"Zeeland","VVD","Centre-Right",40440,18.76
"772","772",1994,"Zeeland","PvdA","Centre-Left",48282,22.4
"773","773",1994,"Zeeland","PVV","Right-Wing",NA,NA
"774","774",1994,"Zeeland","SP","Left-Wing",1274,0.59
"775","775",1994,"Zeeland","CDA","Centre",44946,20.85
"776","776",1994,"Zeeland","D66","Centre",29146,13.52
"777","777",1994,"Zeeland","CU","Centre",NA,NA
"778","778",1994,"Zeeland","GL","Left-Wing",5081,2.36
"779","779",1994,"Zeeland","SGP","Right-Wing",16963,7.87
"780","780",1994,"Zeeland","PvdD","Left-Wing",NA,NA
"781","781",1994,"Zeeland","50PLUS","Centre",NA,NA
"782","782",1998,"Zeeland","VVD","Centre-Right",47393,23.31
"783","783",1998,"Zeeland","PvdA","Centre-Left",56515,27.8
"784","784",1998,"Zeeland","PVV","Right-Wing",NA,NA
"785","785",1998,"Zeeland","SP","Left-Wing",5640,2.77
"786","786",1998,"Zeeland","CDA","Centre",34982,17.21
"787","787",1998,"Zeeland","D66","Centre",14024,6.9
"788","788",1998,"Zeeland","CU","Centre",NA,NA
"789","789",1998,"Zeeland","GL","Left-Wing",11090,5.46
"790","790",1998,"Zeeland","SGP","Right-Wing",16828,8.28
"791","791",1998,"Zeeland","PvdD","Left-Wing",NA,NA
"792","792",1998,"Zeeland","50PLUS","Centre",NA,NA
"793","793",2002,"Zeeland","VVD","Centre-Right",31471,14.02
"794","794",2002,"Zeeland","PvdA","Centre-Left",29655,13.21
"795","795",2002,"Zeeland","PVV","Right-Wing",NA,NA
"796","796",2002,"Zeeland","SP","Left-Wing",10143,4.52
"797","797",2002,"Zeeland","CDA","Centre",66419,29.6
"798","798",2002,"Zeeland","D66","Centre",8622,3.84
"799","799",2002,"Zeeland","CU","Centre",8237,3.67
"800","800",2002,"Zeeland","GL","Left-Wing",11796,5.26
"801","801",2002,"Zeeland","SGP","Right-Wing",18286,8.15
"802","802",2002,"Zeeland","PvdD","Left-Wing",NA,NA
"803","803",2002,"Zeeland","50PLUS","Centre",NA,NA
"804","804",2003,"Zeeland","VVD","Centre-Right",35528,15.66
"805","805",2003,"Zeeland","PvdA","Centre-Left",53928,23.77
"806","806",2003,"Zeeland","PVV","Right-Wing",NA,NA
"807","807",2003,"Zeeland","SP","Left-Wing",11408,5.03
"808","808",2003,"Zeeland","CDA","Centre",72545,31.98
"809","809",2003,"Zeeland","D66","Centre",6093,2.69
"810","810",2003,"Zeeland","CU","Centre",6643,2.93
"811","811",2003,"Zeeland","GL","Left-Wing",8514,3.75
"812","812",2003,"Zeeland","SGP","Right-Wing",17521,7.72
"813","813",2003,"Zeeland","PvdD","Left-Wing",1274,0.56
"814","814",2003,"Zeeland","50PLUS","Centre",NA,NA
"815","815",2006,"Zeeland","VVD","Centre-Right",29815,12.93
"816","816",2006,"Zeeland","PvdA","Centre-Left",41878,18.16
"817","817",2006,"Zeeland","PVV","Right-Wing",12839,5.57
"818","818",2006,"Zeeland","SP","Left-Wing",35651,15.46
"819","819",2006,"Zeeland","CDA","Centre",64615,28.02
"820","820",2006,"Zeeland","D66","Centre",2490,1.08
"821","821",2006,"Zeeland","CU","Centre",11737,5.09
"822","822",2006,"Zeeland","GL","Left-Wing",6741,2.92
"823","823",2006,"Zeeland","SGP","Right-Wing",18005,7.81
"824","824",2006,"Zeeland","PvdD","Left-Wing",4502,1.95
"825","825",2006,"Zeeland","50PLUS","Centre",NA,NA
"826","826",2010,"Zeeland","VVD","Centre-Right",38738,17.51
"827","827",2010,"Zeeland","PvdA","Centre-Left",38549,17.42
"828","828",2010,"Zeeland","PVV","Right-Wing",33141,14.98
"829","829",2010,"Zeeland","SP","Left-Wing",20393,9.22
"830","830",2010,"Zeeland","CDA","Centre",36085,16.31
"831","831",2010,"Zeeland","D66","Centre",9526,4.31
"832","832",2010,"Zeeland","CU","Centre",9469,4.28
"833","833",2010,"Zeeland","GL","Left-Wing",10698,4.83
"834","834",2010,"Zeeland","SGP","Right-Wing",18990,8.58
"835","835",2010,"Zeeland","PvdD","Left-Wing",3045,1.38
"836","836",2010,"Zeeland","50PLUS","Centre",NA,NA
"837","837",2012,"Zeeland","VVD","Centre-Right",53011,24.25
"838","838",2012,"Zeeland","PvdA","Centre-Left",49520,22.65
"839","839",2012,"Zeeland","PVV","Right-Wing",21785,9.97
"840","840",2012,"Zeeland","SP","Left-Wing",20003,9.15
"841","841",2012,"Zeeland","CDA","Centre",20933,9.58
"842","842",2012,"Zeeland","D66","Centre",10684,4.89
"843","843",2012,"Zeeland","CU","Centre",9190,4.2
"844","844",2012,"Zeeland","GL","Left-Wing",3425,1.57
"845","845",2012,"Zeeland","SGP","Right-Wing",20675,9.46
"846","846",2012,"Zeeland","PvdD","Left-Wing",3847,1.76
"847","847",2012,"Zeeland","50PLUS","Centre",3591,1.64
"848","848",1994,"Noord-Brabant","VVD","Centre-Right",237315,18.13
"849","849",1994,"Noord-Brabant","PvdA","Centre-Left",274599,20.98
"850","850",1994,"Noord-Brabant","PVV","Right-Wing",NA,NA
"851","851",1994,"Noord-Brabant","SP","Left-Wing",29374,2.24
"852","852",1994,"Noord-Brabant","CDA","Centre",355049,27.12
"853","853",1994,"Noord-Brabant","D66","Centre",212945,16.27
"854","854",1994,"Noord-Brabant","CU","Centre",NA,NA
"855","855",1994,"Noord-Brabant","GL","Left-Wing",37054,2.83
"856","856",1994,"Noord-Brabant","SGP","Right-Wing",6353,0.49
"857","857",1994,"Noord-Brabant","PvdD","Left-Wing",NA,NA
"858","858",1994,"Noord-Brabant","50PLUS","Centre",NA,NA
"859","859",1998,"Noord-Brabant","VVD","Centre-Right",302947,24.54
"860","860",1998,"Noord-Brabant","PvdA","Centre-Left",356928,28.91
"861","861",1998,"Noord-Brabant","PVV","Right-Wing",NA,NA
"862","862",1998,"Noord-Brabant","SP","Left-Wing",65077,5.27
"863","863",1998,"Noord-Brabant","CDA","Centre",265677,21.52
"864","864",1998,"Noord-Brabant","D66","Centre",103091,8.35
"865","865",1998,"Noord-Brabant","CU","Centre",NA,NA
"866","866",1998,"Noord-Brabant","GL","Left-Wing",82185,6.66
"867","867",1998,"Noord-Brabant","SGP","Right-Wing",5450,0.44
"868","868",1998,"Noord-Brabant","PvdD","Left-Wing",NA,NA
"869","869",1998,"Noord-Brabant","50PLUS","Centre",NA,NA
"870","870",2002,"Noord-Brabant","VVD","Centre-Right",220213,15.9
"871","871",2002,"Noord-Brabant","PvdA","Centre-Left",163624,11.81
"872","872",2002,"Noord-Brabant","PVV","Right-Wing",NA,NA
"873","873",2002,"Noord-Brabant","SP","Left-Wing",98033,7.08
"874","874",2002,"Noord-Brabant","CDA","Centre",450606,32.54
"875","875",2002,"Noord-Brabant","D66","Centre",69395,5.01
"876","876",2002,"Noord-Brabant","CU","Centre",9642,0.7
"877","877",2002,"Noord-Brabant","GL","Left-Wing",88914,6.42
"878","878",2002,"Noord-Brabant","SGP","Right-Wing",5812,0.42
"879","879",2002,"Noord-Brabant","PvdD","Left-Wing",NA,NA
"880","880",2002,"Noord-Brabant","50PLUS","Centre",NA,NA
"881","881",2003,"Noord-Brabant","VVD","Centre-Right",257040,18.25
"882","882",2003,"Noord-Brabant","PvdA","Centre-Left",332005,23.57
"883","883",2003,"Noord-Brabant","PVV","Right-Wing",NA,NA
"884","884",2003,"Noord-Brabant","SP","Left-Wing",119011,8.45
"885","885",2003,"Noord-Brabant","CDA","Centre",477654,33.91
"886","886",2003,"Noord-Brabant","D66","Centre",51218,3.64
"887","887",2003,"Noord-Brabant","CU","Centre",8143,0.58
"888","888",2003,"Noord-Brabant","GL","Left-Wing",59811,4.25
"889","889",2003,"Noord-Brabant","SGP","Right-Wing",5104,0.36
"890","890",2003,"Noord-Brabant","PvdD","Left-Wing",5962,0.42
"891","891",2003,"Noord-Brabant","50PLUS","Centre",NA,NA
"892","892",2006,"Noord-Brabant","VVD","Centre-Right",207531,14.49
"893","893",2006,"Noord-Brabant","PvdA","Centre-Left",255525,17.84
"894","894",2006,"Noord-Brabant","PVV","Right-Wing",88205,6.16
"895","895",2006,"Noord-Brabant","SP","Left-Wing",291979,20.38
"896","896",2006,"Noord-Brabant","CDA","Centre",456136,31.84
"897","897",2006,"Noord-Brabant","D66","Centre",22522,1.57
"898","898",2006,"Noord-Brabant","CU","Centre",21718,1.52
"899","899",2006,"Noord-Brabant","GL","Left-Wing",48160,3.36
"900","900",2006,"Noord-Brabant","SGP","Right-Wing",5219,0.36
"901","901",2006,"Noord-Brabant","PvdD","Left-Wing",19812,1.38
"902","902",2006,"Noord-Brabant","50PLUS","Centre",NA,NA
"903","903",2010,"Noord-Brabant","VVD","Centre-Right",287483,21.01
"904","904",2010,"Noord-Brabant","PvdA","Centre-Left",220265,16.1
"905","905",2010,"Noord-Brabant","PVV","Right-Wing",238185,17.41
"906","906",2010,"Noord-Brabant","SP","Left-Wing",183720,13.43
"907","907",2010,"Noord-Brabant","CDA","Centre",221959,16.22
"908","908",2010,"Noord-Brabant","D66","Centre",89594,6.55
"909","909",2010,"Noord-Brabant","CU","Centre",13842,1.01
"910","910",2010,"Noord-Brabant","GL","Left-Wing",75610,5.53
"911","911",2010,"Noord-Brabant","SGP","Right-Wing",5178,0.38
"912","912",2010,"Noord-Brabant","PvdD","Left-Wing",14868,1.09
"913","913",2010,"Noord-Brabant","50PLUS","Centre",NA,NA
"914","914",2012,"Noord-Brabant","VVD","Centre-Right",392416,28.75
"915","915",2012,"Noord-Brabant","PvdA","Centre-Left",292908,21.46
"916","916",2012,"Noord-Brabant","PVV","Right-Wing",150583,11.03
"917","917",2012,"Noord-Brabant","SP","Left-Wing",188133,13.79
"918","918",2012,"Noord-Brabant","CDA","Centre",123921,9.08
"919","919",2012,"Noord-Brabant","D66","Centre",106856,7.83
"920","920",2012,"Noord-Brabant","CU","Centre",12451,0.91
"921","921",2012,"Noord-Brabant","GL","Left-Wing",24692,1.81
"922","922",2012,"Noord-Brabant","SGP","Right-Wing",6370,0.47
"923","923",2012,"Noord-Brabant","PvdD","Left-Wing",21202,1.55
"924","924",2012,"Noord-Brabant","50PLUS","Centre",32912,2.41
"925","925",1994,"Limburg","VVD","Centre-Right",92573,14.76
"926","926",1994,"Limburg","PvdA","Centre-Left",153504,24.48
"927","927",1994,"Limburg","PVV","Right-Wing",NA,NA
"928","928",1994,"Limburg","SP","Left-Wing",13847,2.21
"929","929",1994,"Limburg","CDA","Centre",181084,28.88
"930","930",1994,"Limburg","D66","Centre",90986,14.51
"931","931",1994,"Limburg","CU","Centre",NA,NA
"932","932",1994,"Limburg","GL","Left-Wing",20131,3.21
"933","933",1994,"Limburg","SGP","Right-Wing",802,0.13
"934","934",1994,"Limburg","PvdD","Left-Wing",NA,NA
"935","935",1994,"Limburg","50PLUS","Centre",NA,NA
"936","936",1998,"Limburg","VVD","Centre-Right",124812,21.28
"937","937",1998,"Limburg","PvdA","Centre-Left",175277,29.88
"938","938",1998,"Limburg","PVV","Right-Wing",NA,NA
"939","939",1998,"Limburg","SP","Left-Wing",29183,4.98
"940","940",1998,"Limburg","CDA","Centre",142627,24.31
"941","941",1998,"Limburg","D66","Centre",43246,7.37
"942","942",1998,"Limburg","CU","Centre",NA,NA
"943","943",1998,"Limburg","GL","Left-Wing",43757,7.46
"944","944",1998,"Limburg","SGP","Right-Wing",250,0.04
"945","945",1998,"Limburg","PvdD","Left-Wing",NA,NA
"946","946",1998,"Limburg","50PLUS","Centre",NA,NA
"947","947",2002,"Limburg","VVD","Centre-Right",78545,12.33
"948","948",2002,"Limburg","PvdA","Centre-Left",78823,12.38
"949","949",2002,"Limburg","PVV","Right-Wing",NA,NA
"950","950",2002,"Limburg","SP","Left-Wing",36637,5.75
"951","951",2002,"Limburg","CDA","Centre",233538,36.67
"952","952",2002,"Limburg","D66","Centre",26222,4.12
"953","953",2002,"Limburg","CU","Centre",2434,0.38
"954","954",2002,"Limburg","GL","Left-Wing",43108,6.77
"955","955",2002,"Limburg","SGP","Right-Wing",464,0.07
"956","956",2002,"Limburg","PvdD","Left-Wing",NA,NA
"957","957",2002,"Limburg","50PLUS","Centre",NA,NA
"958","958",2003,"Limburg","VVD","Centre-Right",91793,14.1
"959","959",2003,"Limburg","PvdA","Centre-Left",173484,26.64
"960","960",2003,"Limburg","PVV","Right-Wing",NA,NA
"961","961",2003,"Limburg","SP","Left-Wing",47116,7.24
"962","962",2003,"Limburg","CDA","Centre",244319,37.52
"963","963",2003,"Limburg","D66","Centre",19039,2.92
"964","964",2003,"Limburg","CU","Centre",2172,0.33
"965","965",2003,"Limburg","GL","Left-Wing",29060,4.46
"966","966",2003,"Limburg","SGP","Right-Wing",311,0.05
"967","967",2003,"Limburg","PvdD","Left-Wing",3935,0.6
"968","968",2003,"Limburg","50PLUS","Centre",NA,NA
"969","969",2006,"Limburg","VVD","Centre-Right",72746,10.8
"970","970",2006,"Limburg","PvdA","Centre-Left",136665,20.29
"971","971",2006,"Limburg","PVV","Right-Wing",77614,11.53
"972","972",2006,"Limburg","SP","Left-Wing",138476,20.56
"973","973",2006,"Limburg","CDA","Centre",192478,28.58
"974","974",2006,"Limburg","D66","Centre",7556,1.12
"975","975",2006,"Limburg","CU","Centre",7776,1.15
"976","976",2006,"Limburg","GL","Left-Wing",22869,3.4
"977","977",2006,"Limburg","SGP","Right-Wing",438,0.07
"978","978",2006,"Limburg","PvdD","Left-Wing",10200,1.51
"979","979",2006,"Limburg","50PLUS","Centre",NA,NA
"980","980",2010,"Limburg","VVD","Centre-Right",98163,15.49
"981","981",2010,"Limburg","PvdA","Centre-Left",98862,15.6
"982","982",2010,"Limburg","PVV","Right-Wing",169814,26.79
"983","983",2010,"Limburg","SP","Left-Wing",81930,12.92
"984","984",2010,"Limburg","CDA","Centre",101312,15.98
"985","985",2010,"Limburg","D66","Centre",29566,4.66
"986","986",2010,"Limburg","CU","Centre",3975,0.63
"987","987",2010,"Limburg","GL","Left-Wing",33284,5.25
"988","988",2010,"Limburg","SGP","Right-Wing",400,0.06
"989","989",2010,"Limburg","PvdD","Left-Wing",8429,1.33
"990","990",2010,"Limburg","50PLUS","Centre",NA,NA
"991","991",2012,"Limburg","VVD","Centre-Right",139676,22.66
"992","992",2012,"Limburg","PvdA","Centre-Left",134588,21.83
"993","993",2012,"Limburg","PVV","Right-Wing",109210,17.72
"994","994",2012,"Limburg","SP","Left-Wing",88503,14.36
"995","995",2012,"Limburg","CDA","Centre",59595,9.67
"996","996",2012,"Limburg","D66","Centre",38934,6.32
"997","997",2012,"Limburg","CU","Centre",3263,0.53
"998","998",2012,"Limburg","GL","Left-Wing",11305,1.83
"999","999",2012,"Limburg","SGP","Right-Wing",589,0.1
"1000","1000",2012,"Limburg","PvdD","Left-Wing",11120,1.8
"1001","1001",2012,"Limburg","50PLUS","Centre",13334,2.16
"1002","1002",1994,"NOP/ZIJP/Unspecified","VVD","Centre-Right",NA,NA
"1003","1003",1994,"NOP/ZIJP/Unspecified","PvdA","Centre-Left",NA,NA
"1004","1004",1994,"NOP/ZIJP/Unspecified","PVV","Right-Wing",NA,NA
"1005","1005",1994,"NOP/ZIJP/Unspecified","SP","Left-Wing",NA,NA
"1006","1006",1994,"NOP/ZIJP/Unspecified","CDA","Centre",NA,NA
"1007","1007",1994,"NOP/ZIJP/Unspecified","D66","Centre",NA,NA
"1008","1008",1994,"NOP/ZIJP/Unspecified","CU","Centre",NA,NA
"1009","1009",1994,"NOP/ZIJP/Unspecified","GL","Left-Wing",NA,NA
"1010","1010",1994,"NOP/ZIJP/Unspecified","SGP","Right-Wing",NA,NA
"1011","1011",1994,"NOP/ZIJP/Unspecified","PvdD","Left-Wing",NA,NA
"1012","1012",1994,"NOP/ZIJP/Unspecified","50PLUS","Centre",NA,NA
"1013","1013",1998,"NOP/ZIJP/Unspecified","VVD","Centre-Right",NA,NA
"1014","1014",1998,"NOP/ZIJP/Unspecified","PvdA","Centre-Left",NA,NA
"1015","1015",1998,"NOP/ZIJP/Unspecified","PVV","Right-Wing",NA,NA
"1016","1016",1998,"NOP/ZIJP/Unspecified","SP","Left-Wing",NA,NA
"1017","1017",1998,"NOP/ZIJP/Unspecified","CDA","Centre",NA,NA
"1018","1018",1998,"NOP/ZIJP/Unspecified","D66","Centre",NA,NA
"1019","1019",1998,"NOP/ZIJP/Unspecified","CU","Centre",NA,NA
"1020","1020",1998,"NOP/ZIJP/Unspecified","GL","Left-Wing",NA,NA
"1021","1021",1998,"NOP/ZIJP/Unspecified","SGP","Right-Wing",NA,NA
"1022","1022",1998,"NOP/ZIJP/Unspecified","PvdD","Left-Wing",NA,NA
"1023","1023",1998,"NOP/ZIJP/Unspecified","50PLUS","Centre",NA,NA
"1024","1024",2002,"NOP/ZIJP/Unspecified","VVD","Centre-Right",NA,NA
"1025","1025",2002,"NOP/ZIJP/Unspecified","PvdA","Centre-Left",NA,NA
"1026","1026",2002,"NOP/ZIJP/Unspecified","PVV","Right-Wing",NA,NA
"1027","1027",2002,"NOP/ZIJP/Unspecified","SP","Left-Wing",NA,NA
"1028","1028",2002,"NOP/ZIJP/Unspecified","CDA","Centre",NA,NA
"1029","1029",2002,"NOP/ZIJP/Unspecified","D66","Centre",NA,NA
"1030","1030",2002,"NOP/ZIJP/Unspecified","CU","Centre",NA,NA
"1031","1031",2002,"NOP/ZIJP/Unspecified","GL","Left-Wing",NA,NA
"1032","1032",2002,"NOP/ZIJP/Unspecified","SGP","Right-Wing",NA,NA
"1033","1033",2002,"NOP/ZIJP/Unspecified","PvdD","Left-Wing",NA,NA
"1034","1034",2002,"NOP/ZIJP/Unspecified","50PLUS","Centre",NA,NA
"1035","1035",2003,"NOP/ZIJP/Unspecified","VVD","Centre-Right",NA,NA
"1036","1036",2003,"NOP/ZIJP/Unspecified","PvdA","Centre-Left",NA,NA
"1037","1037",2003,"NOP/ZIJP/Unspecified","PVV","Right-Wing",NA,NA
"1038","1038",2003,"NOP/ZIJP/Unspecified","SP","Left-Wing",NA,NA
"1039","1039",2003,"NOP/ZIJP/Unspecified","CDA","Centre",NA,NA
"1040","1040",2003,"NOP/ZIJP/Unspecified","D66","Centre",NA,NA
"1041","1041",2003,"NOP/ZIJP/Unspecified","CU","Centre",NA,NA
"1042","1042",2003,"NOP/ZIJP/Unspecified","GL","Left-Wing",NA,NA
"1043","1043",2003,"NOP/ZIJP/Unspecified","SGP","Right-Wing",NA,NA
"1044","1044",2003,"NOP/ZIJP/Unspecified","PvdD","Left-Wing",NA,NA
"1045","1045",2003,"NOP/ZIJP/Unspecified","50PLUS","Centre",NA,NA
"1046","1046",2006,"NOP/ZIJP/Unspecified","VVD","Centre-Right",NA,NA
"1047","1047",2006,"NOP/ZIJP/Unspecified","PvdA","Centre-Left",NA,NA
"1048","1048",2006,"NOP/ZIJP/Unspecified","PVV","Right-Wing",NA,NA
"1049","1049",2006,"NOP/ZIJP/Unspecified","SP","Left-Wing",NA,NA
"1050","1050",2006,"NOP/ZIJP/Unspecified","CDA","Centre",NA,NA
"1051","1051",2006,"NOP/ZIJP/Unspecified","D66","Centre",NA,NA
"1052","1052",2006,"NOP/ZIJP/Unspecified","CU","Centre",NA,NA
"1053","1053",2006,"NOP/ZIJP/Unspecified","GL","Left-Wing",NA,NA
"1054","1054",2006,"NOP/ZIJP/Unspecified","SGP","Right-Wing",NA,NA
"1055","1055",2006,"NOP/ZIJP/Unspecified","PvdD","Left-Wing",NA,NA
"1056","1056",2006,"NOP/ZIJP/Unspecified","50PLUS","Centre",NA,NA
"1057","1057",2010,"NOP/ZIJP/Unspecified","VVD","Centre-Right",NA,NA
"1058","1058",2010,"NOP/ZIJP/Unspecified","PvdA","Centre-Left",NA,NA
"1059","1059",2010,"NOP/ZIJP/Unspecified","PVV","Right-Wing",NA,NA
"1060","1060",2010,"NOP/ZIJP/Unspecified","SP","Left-Wing",NA,NA
"1061","1061",2010,"NOP/ZIJP/Unspecified","CDA","Centre",NA,NA
"1062","1062",2010,"NOP/ZIJP/Unspecified","D66","Centre",NA,NA
"1063","1063",2010,"NOP/ZIJP/Unspecified","CU","Centre",NA,NA
"1064","1064",2010,"NOP/ZIJP/Unspecified","GL","Left-Wing",NA,NA
"1065","1065",2010,"NOP/ZIJP/Unspecified","SGP","Right-Wing",NA,NA
"1066","1066",2010,"NOP/ZIJP/Unspecified","PvdD","Left-Wing",NA,NA
"1067","1067",2010,"NOP/ZIJP/Unspecified","50PLUS","Centre",NA,NA
"1068","1068",2012,"NOP/ZIJP/Unspecified","VVD","Centre-Right",480,18.23
"1069","1069",2012,"NOP/ZIJP/Unspecified","PvdA","Centre-Left",632,24
"1070","1070",2012,"NOP/ZIJP/Unspecified","PVV","Right-Wing",75,2.85
"1071","1071",2012,"NOP/ZIJP/Unspecified","SP","Left-Wing",198,7.52
"1072","1072",2012,"NOP/ZIJP/Unspecified","CDA","Centre",428,16.26
"1073","1073",2012,"NOP/ZIJP/Unspecified","D66","Centre",441,16.75
"1074","1074",2012,"NOP/ZIJP/Unspecified","CU","Centre",117,4.44
"1075","1075",2012,"NOP/ZIJP/Unspecified","GL","Left-Wing",68,2.58
"1076","1076",2012,"NOP/ZIJP/Unspecified","SGP","Right-Wing",11,0.42
"1077","1077",2012,"NOP/ZIJP/Unspecified","PvdD","Left-Wing",64,2.43
"1078","1078",2012,"NOP/ZIJP/Unspecified","50PLUS","Centre",53,2.01
